iso,year,country,capacity_pre5,dem,log_gdp0,growth10,cap_z
AGO,1990,Angola,-0.8040800094604492,0.0,6.708020210266113,-2.2257328033447266,-1.1161083092326163
AGO,2000,Angola,-0.7413800001144409,0.0,6.485446929931641,7.451190948486328,-1.0497221545420923
ALB,1980,Albania,0.18314999751746655,0.0,6.966670036315918,-0.8140039443969727,-0.0708388644277342
ALB,1990,Albania,0.5431800007820129,0.0,6.885269641876221,2.049221992492676,0.3103573704572238
ALB,2000,Albania,-0.2710219964385033,1.0,7.090191841125488,4.672794342041016,-0.5517117153467628
ARG,1970,Argentina,0.11354819750413299,0.0,8.796525955200195,1.3154220581054688,-0.14453256735727357
ARG,1980,Argentina,0.050487999245524405,0.0,8.928068161010742,-3.0077266693115234,-0.21130008653432802
ARG,1990,Argentina,0.3027540028095245,1.0,8.62729549407959,3.211078643798828,0.05579668283523132
ARG,2000,Argentina,1.0386400103569031,1.0,8.948403358459473,3.3420372009277344,0.8349455672004699
ARM,2000,Armenia,0.4472800076007843,1.0,6.4320149421691895,7.584662437438965,0.20881939863625865
AUS,1970,Australia,1.8263999700546265,1.0,9.447728157043457,1.3465213775634766,1.6690180831214487
AUS,1980,Australia,2.016199994087219,1.0,9.582380294799805,1.8761634826660156,1.8699764862719106
AUS,1990,Australia,2.3455999851226808,1.0,9.769996643066406,2.1811580657958984,2.218741964746748
AUS,2000,Australia,2.3851999759674074,1.0,9.988112449645996,1.48468017578125,2.260670046502748
AUT,1970,Austria,1.3420000076293945,1.0,9.32539176940918,3.448925018310547,1.1561401557803943
AUT,1980,Austria,1.5434000015258789,1.0,9.670284271240234,1.9710254669189453,1.3693804932052211
AUT,1990,Austria,1.8931999921798706,1.0,9.867386817932129,2.1734619140625,1.73974529111379
AUT,2000,Austria,2.009999990463257,1.0,10.084733009338379,1.074228286743164,1.863411983268557
AZE,2000,Azerbaijan,-0.46184000074863435,0.0,6.484784126281738,12.752127647399902,-0.7537479460267811
BDI,1970,Burundi,-1.3305999994277955,0.0,4.841084003448486,0.6746721267700195,-1.6735825084585638
BDI,1980,Burundi,-0.9360200047492981,0.0,4.908551216125488,1.3126611709594727,-1.2558050816649184
BDI,1990,Burundi,-0.6037599921226502,0.0,5.0398173332214355,-3.28155517578125,-0.9040114403915241
BDI,2000,Burundi,-0.5313000082969666,0.0,4.7116618156433105,0.35927772521972656,-0.8272915204856279
BEL,1970,Belgium,1.6315999984741212,1.0,9.337870597839355,3.123331069946289,1.462765784566147
BEL,1980,Belgium,1.9101999998092651,1.0,9.650203704833984,1.8810272216796875,1.7577447323897415
BEL,1990,Belgium,2.352799987792969,1.0,9.838306427001953,1.916799545288086,2.2263652569284798
BEL,2000,Belgium,2.3890000343322755,1.0,10.029986381530762,0.7628059387207031,2.2646935110137494
BEN,1970,Benin,-0.786679995059967,0.0,5.67641544342041,0.283660888671875,-1.0976853447122563
BEN,1980,Benin,-0.9155199885368347,0.0,5.704781532287598,-0.15154361724853516,-1.2340998656428812
BEN,1990,Benin,-0.7232199907302856,0.0,5.689627170562744,1.5666818618774414,-1.0304945147899995
BEN,2000,Benin,-0.2646199971437454,1.0,5.846295356750488,0.8605527877807617,-0.5449333413091283
BFA,1970,Burkina Faso,-0.5570599913597107,0.0,4.919399738311768,1.0848712921142578,-0.8545659377985734
BFA,1980,Burkina Faso,-0.8001599907875061,0.0,5.027886867523193,0.8915615081787109,-1.111957831924461
BFA,1990,Burkina Faso,-0.271900001168251,0.0,5.1170430183410645,2.4131250381469727,-0.5526413381397419
BFA,2000,Burkina Faso,0.09237800240516662,0.0,5.358355522155762,2.627711296081543,-0.16694736220862436
BGD,1980,Bangladesh,-0.5139999985694885,0.0,5.5364766120910645,0.9893274307250977,-0.8089744399318107
BGD,1990,Bangladesh,-0.6636399865150452,0.0,5.635409355163574,2.607545852661133,-0.9674117909188135
BGD,2000,Bangladesh,-0.14910400062799453,1.0,5.8961639404296875,4.283075332641602,-0.4226261376274612
BGR,1980,Bulgaria,0.9760599851608276,0.0,7.1652727127075195,2.556281089782715,0.7686864505506245
BGR,1990,Bulgaria,1.5699999809265137,0.0,7.420900821685791,-0.5613327026367188,1.3975442903987811
BGR,2000,Bulgaria,1.4184000015258789,1.0,7.364767551422119,4.789080619812012,1.2370317196903444
BHR,1980,Bahrain,0.1948020026087761,0.0,9.317208290100098,-1.6578388214111328,-0.05850183576514287
BHR,1990,Bahrain,-0.1487799972295761,0.0,9.151424407958984,2.812166213989258,-0.42228308600829856
BIH,2000,Bosnia & Herzegovina,-0.659060001373291,0.0,7.306962966918945,3.81650447845459,-0.9625625475889933
BLR,2000,Belarus,0.680680000782013,0.0,7.149169921875,7.656927108764648,0.45594102132358816
BOL,1970,Bolivia,-1.1220000028610229,0.0,6.832059383392334,1.4428997039794922,-1.4527188788520051
BOL,1980,Bolivia,-0.8462800025939942,0.0,6.976349353790283,-2.064480781555176,-1.1607892479011035
BOL,1990,Bolivia,-0.5642799973487854,1.0,6.769901275634766,1.4870214462280273,-0.8622104092979662
BOL,2000,Bolivia,0.1420160012319684,1.0,6.918603420257568,1.9843530654907227,-0.11439113609294357
BRA,1970,Brazil,0.11051200032234192,0.0,7.595347881317139,5.7541608810424805,-0.14774726314254855
BRA,1980,Brazil,0.23470000624656678,0.0,8.170763969421387,-0.5316352844238281,-0.016258220987913383
BRA,1990,Brazil,0.7391999959945679,1.0,8.117600440979004,0.9744548797607422,0.5179014180634129
BRA,2000,Brazil,0.9164199829101562,1.0,8.215045928955078,2.4014663696289062,0.7055402013482178
BTN,1990,Bhutan,0.5747999966144561,0.0,6.1424689292907715,4.761152267456055,0.34383631179297874
BTN,2000,Bhutan,0.5505599975585938,0.0,6.618584156036377,5.699758529663086,0.31817123863261754
BWA,1980,Botswana,0.4196400046348572,1.0,7.0509257316589355,7.0516252517700195,0.1795544346963546
BWA,1990,Botswana,0.8761600136756897,1.0,7.7560882568359375,3.1606674194335938,0.6629133409487913
BWA,2000,Botswana,0.7243399977684021,1.0,8.072154998779297,2.6816654205322266,0.5021677977460827
CAF,1970,Central African Rep.,-1.2166000127792358,0.0,5.869698524475098,-0.9082412719726562,-1.5528804411493704
CAF,1980,Central African Rep.,-1.1290000200271606,0.0,5.778874397277832,-1.5281343460083008,-1.4601304283441765
CAF,1990,Central African Rep.,-0.9194800019264221,0.0,5.626060962677002,-0.6850624084472656,-1.2382926889645964
CAF,2000,Central African Rep.,-0.8860400080680847,1.0,5.557554721832275,-0.7892322540283203,-1.2028867515766286
CAN,1970,Canada,1.525600004196167,1.0,9.471651077270508,2.5458240509033203,1.3505340306839777
CAN,1980,Canada,1.8354000091552733,1.0,9.72623348236084,1.551046371459961,1.6785472362139011
CAN,1990,Canada,2.1442000389099123,1.0,9.881338119506836,1.8594646453857422,2.0055016778089723
CAN,2000,Canada,2.178000068664551,1.0,10.06728458404541,0.8209991455078125,2.041288817671314
CHE,1980,Switzerland,1.686199951171875,1.0,10.25954818725586,1.5887832641601562,1.520575678754291
CHE,1990,Switzerland,2.0986000537872314,1.0,10.418426513671875,0.38573265075683594,1.9572208609827044
CHE,2000,Switzerland,2.2133999824523927,1.0,10.456999778747559,0.7942676544189453,2.07876989905014
CHL,1970,Chile,0.8095600008964539,1.0,7.696826934814453,1.2732601165771484,0.5923979008895355
CHL,1980,Chile,0.5573800206184387,0.0,7.824152946472168,2.045145034790039,0.3253922121311268
CHL,1990,Chile,0.6800999999046325,1.0,8.028667449951172,4.637250900268555,0.45532692208551734
CHL,2000,Chile,1.24060001373291,1.0,8.492392539978027,2.6131153106689453,1.048778837167469
CHN,1970,China,-0.45507999658584597,0.0,4.806396484375,4.217109680175781,-0.7465905199475772
CHN,1980,China,-0.3104159988462925,0.0,5.228107452392578,7.422685623168945,-0.5934216985668668
CHN,1990,China,0.5717600107192993,0.0,5.970376014709473,8.852205276489258,0.3406176045551665
CHN,2000,China,0.6471000075340271,0.0,6.855596542358398,9.381847381591797,0.420386853955518
CIV,1970,Côte d'Ivoire,-0.36079999804496765,0.0,6.748666763305664,0.6368064880371094,-0.6467677825566203
CIV,1980,Côte d'Ivoire,-0.06945600025355816,0.0,6.812347412109375,-3.157777786254883,-0.33829561632770844
CIV,1990,Côte d'Ivoire,0.2339399978518486,0.0,6.496569633483887,-0.5367088317871094,-0.017062910419129076
CIV,2000,Côte d'Ivoire,0.0032607999630272387,1.0,6.442898750305176,-0.6096839904785156,-0.2613037817469773
CMR,1970,Cameroon,-0.41140000224113465,0.0,6.200261116027832,3.448476791381836,-0.7003425705183027
CMR,1980,Cameroon,-0.5497200012207031,0.0,6.545108795166016,0.3670167922973633,-0.8467944282585018
CMR,1990,Cameroon,-0.06638199761509896,0.0,6.581810474395752,-1.1626958847045898,-0.3350408924958559
CMR,2000,Cameroon,-0.43546000123023987,0.0,6.465540885925293,1.0483694076538086,-0.7258170613741208
COD,1970,"Congo, Dem. Rep. of",-1.126799988746643,0.0,5.805050849914551,-2.456541061401367,-1.4578010568108095
COD,1980,"Congo, Dem. Rep. of",-1.0479399919509889,0.0,5.559396743774414,-2.1043920516967773,-1.374304865968474
COD,1990,"Congo, Dem. Rep. of",-1.1984000205993652,0.0,5.348957538604736,-8.857588768005371,-1.5336104680054805
COD,2000,"Congo, Dem. Rep. of",-1.334000015258789,0.0,4.463198661804199,1.7903470993041992,-1.677182411859869
COG,1970,"Congo, Republic of",-0.6925400018692016,0.0,6.556492328643799,3.21990966796875,-0.9980108436122831
COG,1980,"Congo, Republic of",-0.4408399939537048,0.0,6.878483295440674,1.8648052215576172,-0.7315133448818772
COG,1990,"Congo, Republic of",-0.34899999499320983,0.0,7.0649638175964355,-1.307358741760254,-0.6342740551056447
COG,2000,"Congo, Republic of",-0.4029200106859207,0.0,6.93422794342041,1.9930124282836914,-0.6913640386643103
COL,1970,Colombia,-0.16342599987983703,1.0,7.305422306060791,3.053584098815918,-0.4377901299095599
COL,1980,Colombia,-0.10339279961772263,1.0,7.610780715942383,1.4062738418579102,-0.37422756651064937
COL,1990,Colombia,-0.0740619994699955,1.0,7.751408100128174,0.8218240737915039,-0.34317240310455616
COL,2000,Colombia,0.33009999990463257,1.0,7.833590507507324,2.4770641326904297,0.08475035624386275
COM,1980,Comoros,-0.8772599935531616,0.0,6.021913528442383,0.02018451690673828,-1.193590558356686
COM,1990,Comoros,-1.1297600269317627,1.0,6.023931980133057,-1.4073610305786133,-1.4609351161976718
COM,2000,Comoros,-1.2780000209808349,0.0,5.883195877075195,-0.649876594543457,-1.6178901673836503
CPV,1990,Cape Verde,0.2329000025987625,0.0,6.690188407897949,4.272260665893555,-0.018164047188786985
CPV,2000,Cape Verde,0.40434000492095945,1.0,7.117414474487305,4.632058143615723,0.16335494512105597
CRI,1970,Costa Rica,0.6641800045967102,1.0,7.771303176879883,2.961721420288086,0.43847098725858846
CRI,1980,Costa Rica,0.46373999714851377,1.0,8.067475318908691,-0.22005081176757812,0.22624707406593614
CRI,1990,Costa Rica,0.5103600084781647,1.0,8.045470237731934,2.656383514404297,0.2756078846317677
CRI,2000,Costa Rica,0.7038399934768677,1.0,8.311108589172363,2.4316883087158203,0.48046259434580835
CUB,1970,Cuba,-0.30115999579429625,0.0,7.483050346374512,3.0486202239990234,-0.5836215333542136
CUB,1980,Cuba,-0.11879999786615372,0.0,7.787912368774414,3.2544994354248047,-0.3905405568424926
CUB,1990,Cuba,0.3574399948120117,0.0,8.113362312316895,-1.9307851791381836,0.11369767459501959
CUB,2000,Cuba,0.46656000018119814,0.0,7.920283794403076,4.904475212097168,0.22923286560740821
CYP,1980,Cyprus,-0.11228599771857262,1.0,8.801851272583008,4.744424819946289,-0.383643597400828
CYP,1990,Cyprus,0.04069799780845642,1.0,9.276293754577637,2.283306121826172,-0.22166564399756664
CYP,2000,Cyprus,0.833079993724823,1.0,9.504624366760254,1.3188934326171875,0.6173006385208423
CZE,2000,Czech Republic,1.5361999988555908,1.0,8.616443634033203,2.9026317596435547,1.3617572010234895
DEU,2000,Germany,1.9888000249862672,1.0,10.040885925292969,0.9791851043701172,1.8409656678330586
DJI,1990,Djibouti,0.0002724003046751022,0.0,7.068024158477783,-4.437999725341797,-0.26446786998341876
DNK,1970,Denmark,2.0449999809265136,1.0,9.704607963562012,1.8333053588867188,1.9004696297553123
DNK,1980,Denmark,2.377399969100952,1.0,9.887938499450684,2.0194149017333984,2.252411475765284
DNK,1990,Denmark,2.699000024795532,1.0,10.089879989624023,2.184114456176758,2.5929184592332333
DNK,2000,Denmark,2.8892000198364256,1.0,10.3082914352417,0.1824951171875,2.7943003477628165
DOM,1970,Dominican Republic,-0.2487000048160553,0.0,7.067520618438721,4.3801116943359375,-0.52807740963764
DOM,1980,Dominican Republic,-0.5136799931526184,1.0,7.5055317878723145,0.17785072326660156,-0.8086356213362836
DOM,1990,Dominican Republic,-0.30979999899864197,1.0,7.523316860198975,4.115252494812012,-0.5927694839722917
DOM,2000,Dominican Republic,0.3052919998764992,1.0,7.934842109680176,3.7142467498779297,0.05848388922721893
DZA,1970,Algeria,-0.41980000138282775,0.0,7.269707202911377,2.672300338745117,-0.7092364071897357
DZA,1980,Algeria,-0.3405400037765503,0.0,7.536937236785889,-0.23367881774902344,-0.6253166994138725
DZA,1990,Algeria,-0.053515999019145964,0.0,7.513569355010986,-0.21140575408935547,-0.3214184994221079
DZA,2000,Algeria,-0.2617599993944168,0.0,7.492428779602051,2.1822166442871094,-0.5419052037540968
ECU,1970,Ecuador,-0.2013399988412857,0.0,6.833451747894287,3.873000144958496,-0.4779331000022962
ECU,1980,Ecuador,-0.17840399742126464,1.0,7.220751762390137,-0.51239013671875,-0.45364868674409414
ECU,1990,Ecuador,0.39372000098228455,1.0,7.169512748718262,-0.06075859069824219,0.1521105891530017
ECU,2000,Ecuador,0.2880299981683493,1.0,7.1634368896484375,2.9129505157470703,0.04020705119133617
EGY,1970,Egypt,-0.5257200002670288,0.0,6.338552474975586,4.144201278686523,-0.8213834627339045
EGY,1980,Egypt,-0.2870999962091446,0.0,6.752972602844238,2.977433204650879,-0.5687349437484976
EGY,1990,Egypt,-0.06532000079751014,0.0,7.050715923309326,2.4626970291137695,-0.3339164606855793
EGY,2000,Egypt,-0.12133399844169616,0.0,7.296985626220703,2.9161739349365234,-0.39322353178856495
ERI,2000,Eritrea,0.20412000119686127,0.0,5.1518874168396,-2.706308364868164,-0.04863603028717146
ESP,1970,Spain,0.6248999953269958,0.0,8.829750061035156,2.5432395935058594,0.39688169885459096
ESP,1980,Spain,0.9195399880409241,1.0,9.084074020385742,2.5219058990478516,0.7088436321675557
ESP,1990,Spain,1.5321999788284302,1.0,9.336264610290527,2.4024105072021484,1.3575220190664523
ESP,2000,Spain,1.8444000005722045,1.0,9.576505661010742,0.6961917877197266,1.6880763388193032
EST,2000,Estonia,1.4305999994277954,1.0,8.329506874084473,4.089946746826172,1.2499489577639662
ETH,1990,Ethiopia,-0.4017400026321411,0.0,4.859602451324463,-0.3345060348510742,-0.690114657715067
ETH,2000,Ethiopia,-0.14445600286126137,1.0,4.8261518478393555,5.715184211730957,-0.41770488319764504
FIN,1970,Finland,1.5353999853134155,1.0,9.306328773498535,3.340311050415039,1.3609101545346718
FIN,1980,Finland,2.161399984359741,1.0,9.640359878540039,2.591714859008789,2.023712811287433
FIN,1990,Finland,2.2989999771118166,1.0,9.899531364440918,1.6648006439208984,2.1694023334985784
FIN,2000,Finland,2.3860000133514405,1.0,10.066011428833008,1.4167308807373047,2.26151711823509
FJI,1980,Fiji,0.5036999940872192,1.0,7.514024257659912,-0.0021457672119140625,0.2685563267419033
FJI,1990,Fiji,0.38133999407291413,1.0,7.513809680938721,1.2378501892089844,0.13900275930851475
FJI,2000,Fiji,0.622900003194809,1.0,7.637594699859619,0.7246494293212891,0.3947641268087163
FRA,1970,France,1.4563999891281127,1.0,9.357110977172852,3.015918731689453,1.277265733712234
FRA,1980,France,1.582200026512146,1.0,9.658702850341797,1.8085098266601562,1.4104615789594535
FRA,1990,France,1.751799988746643,1.0,9.839553833007812,1.5140819549560547,1.590032354878694
FRA,2000,France,1.8594000101089478,1.0,9.990962028503418,0.4698944091796875,1.7039582017384984
GAB,1970,Gabon,-0.4963800013065338,0.0,8.087400436401367,4.814958572387695,-0.7903185597151103
GAB,1980,Gabon,-0.041226798202842474,0.0,8.568896293640137,-1.2928485870361328,-0.3084068141779816
GAB,1990,Gabon,-0.2307799994945526,0.0,8.439611434936523,-1.2023448944091797,-0.5091038838321925
GAB,2000,Gabon,0.0865519993007183,0.0,8.319376945495605,0.1887226104736328,-0.17311587713156518
GBR,1970,United Kingdom,1.2697999954223633,1.0,9.436704635620117,1.7941856384277344,1.0796954912735168
GBR,1980,United Kingdom,1.476799988746643,1.0,9.61612319946289,2.548952102661133,1.2988650531459653
GBR,1990,United Kingdom,1.5359999895095826,1.0,9.871018409729004,2.589273452758789,1.3615454330904038
GBR,2000,United Kingdom,1.8592000007629395,1.0,10.129945755004883,1.1120986938476562,1.7037464338054127
GEO,2000,Georgia,-0.5967199921607971,1.0,6.5395827293396,5.98301887512207,-0.8965575575075558
GHA,1970,Ghana,-0.33630000352859496,1.0,5.682490825653076,-1.9485187530517578,-0.6208274287537153
GHA,1980,Ghana,-0.751800000667572,1.0,5.4876389503479,-0.9022855758666992,-1.0607547488879423
GHA,1990,Ghana,-0.7391599893569947,0.0,5.3974103927612305,1.6215848922729492,-1.0473716289345896
GHA,2000,Ghana,-0.2217600017786026,1.0,5.559568881988525,3.236966133117676,-0.49955359875368877
GIN,1990,Guinea,-0.6512399911880493,0.0,5.893260478973389,0.2827596664428711,-0.9542827975338687
GIN,2000,Guinea,-0.39784000515937806,0.0,5.921536445617676,0.9827613830566406,-0.6859853786572164
GMB,1970,"Gambia, The",-0.4530200004577637,1.0,5.665267467498779,1.605682373046875,-0.7444094162596004
GMB,1980,"Gambia, The",-0.7844200134277344,1.0,5.825835704803467,-0.7264947891235352,-1.0952924983347192
GMB,1990,"Gambia, The",-0.41913999915122985,1.0,5.753186225891113,0.2907752990722656,-0.7085376033027831
GMB,2000,"Gambia, The",-0.18656000196933747,0.0,5.78226375579834,0.8872604370117188,-0.4622841843338477
GNB,1980,Guinea-Bissau,-0.6553599953651428,0.0,4.9217448234558105,2.8816890716552734,-0.9586450175315846
GNB,1990,Guinea-Bissau,-1.0362600088119507,0.0,5.209913730621338,-0.5279874801635742,-1.3619382144234649
GNB,2000,Guinea-Bissau,-1.0579999923706054,1.0,5.1571149826049805,-0.7374286651611328,-1.3849562957052373
GNQ,1990,Equatorial Guinea,-1.141200017929077,0.0,6.318932056427002,14.685354232788086,-1.4730476664177983
GNQ,2000,Equatorial Guinea,-0.9575600147247314,0.0,7.7874674797058105,12.783713340759277,-1.278611432878893
GRC,1970,Greece,0.48948000073432923,0.0,8.808061599731445,3.5726356506347656,0.25350033730474575
GRC,1980,Greece,1.0413999915122987,1.0,9.165325164794922,0.16420364379882812,0.8378678081671961
GRC,1990,Greece,1.1210000038146972,1.0,9.181745529174805,1.5929222106933594,0.9221475201671284
GRC,2000,Greece,1.508199977874756,1.0,9.34103775024414,1.7515945434570312,1.332111053541855
GTM,1970,Guatemala,-0.3927799940109253,1.0,7.131853103637695,2.941141128540039,-0.6806278885014619
GTM,1980,Guatemala,-0.6270600080490112,0.0,7.425967216491699,-1.5058088302612305,-0.9286812686373719
GTM,1990,Guatemala,-0.5041400015354156,1.0,7.275386333465576,1.7276430130004883,-0.7985347718172517
GTM,2000,Guatemala,-0.07554220184683799,1.0,7.448150634765625,0.8058643341064453,-0.3447396268575875
GUY,1980,Guyana,0.8749200105667114,0.0,6.688250541687012,-2.749319076538086,0.661600437823768
GUY,1990,Guyana,0.3190799981355667,0.0,6.413318634033203,4.661688804626465,0.07308248649772164
GUY,2000,Guyana,0.7237800002098084,1.0,6.87948751449585,2.111325263977051,0.501574877825673
HND,1970,Honduras,-0.3309199929237366,0.0,6.791040420532227,2.2623443603515625,-0.6151311263133149
HND,1980,Honduras,-0.35338000059127805,0.0,7.017274856567383,-0.5903005599975586,-0.6389115620567857
HND,1990,Honduras,-0.2540800005197525,1.0,6.958244800567627,0.8291292190551758,-0.5337736963008372
HND,2000,Honduras,-0.029908999102190137,1.0,7.0411577224731445,1.9763517379760742,-0.2964236395391087
HRV,2000,Croatia,1.0499799966812133,1.0,8.48913860321045,2.652578353881836,0.8469522334540533
HTI,2000,Haiti,-0.6151800036430359,0.0,6.049424648284912,-1.32080078125,-0.9161028365375147
HUN,1970,Hungary,0.26689999997615815,0.0,7.786308765411377,4.484200477600098,0.017834816430471707
HUN,1980,Hungary,0.5862800002098083,0.0,8.234728813171387,1.452016830444336,0.3559912269593086
HUN,1990,Hungary,1.279199981689453,1.0,8.37993049621582,0.41351318359375,1.089648104501565
HUN,2000,Hungary,1.9901999950408935,1.0,8.421281814575195,2.1529388427734375,1.8424479423905573
IDN,1970,Indonesia,-0.9558999896049499,0.0,5.451166152954102,5.150051116943359,-1.276853814570037
IDN,1980,Indonesia,-0.09508800059556961,0.0,5.9661712646484375,4.174976348876953,-0.36543452679169336
IDN,1990,Indonesia,-0.40040000081062316,0.0,6.383668899536133,2.670130729675293,-0.6886958769343822
IDN,2000,Indonesia,-0.0358597993850708,1.0,6.650681972503662,3.9145708084106445,-0.30272428849007854
IND,1970,India,-0.053665999323129654,1.0,5.354628086090088,0.6187582015991211,-0.32157731827218067
IND,1980,India,-0.050103998929262164,1.0,5.41650390625,3.1866884231567383,-0.31780590720507773
IND,1990,India,-0.009266199823468924,1.0,5.735172748565674,3.4395360946655273,-0.27456724620748846
IND,2000,India,0.37501999735832214,1.0,6.079126358032227,5.887207984924316,0.13231120879816033
IRL,1970,Ireland,1.1411999940872193,1.0,8.90040111541748,3.1935882568359375,0.9435350716677743
IRL,1980,Ireland,1.1847999811172485,1.0,9.219759941101074,3.265676498413086,0.9896983101372854
IRL,1990,Ireland,1.7460000276565553,1.0,9.546327590942383,6.051692962646484,1.583891412985037
IRL,2000,Ireland,2.0513999462127686,1.0,10.151496887207031,0.7389640808105469,1.9072458502047014
IRN,1970,"Iran, I.R. of",0.21073800027370454,0.0,7.271222114562988,0.3195762634277344,-0.04162895779962912
IRN,1980,"Iran, I.R. of",0.10996399894356727,0.0,7.303179740905762,-1.477189064025879,-0.14832748162547083
IRN,1990,"Iran, I.R. of",-0.1051740013062954,0.0,7.155460834503174,1.9060802459716797,-0.37611348538157124
IRQ,2000,Iraq,-0.4149600028991699,0.0,6.969303131103516,-3.67708683013916,-0.7041118642847277
ISR,1970,Israel,0.8329400181770324,1.0,9.173996925354004,2.881937026977539,0.6171524337842651
ISR,1980,Israel,1.7176000118255614,1.0,9.462190628051758,1.7285346984863281,1.553821754880756
ISR,1990,Israel,1.5664000034332275,1.0,9.63504409790039,2.6021480560302734,1.3937326695514405
ISR,2000,Israel,1.924999976158142,1.0,9.895258903503418,1.1599540710449219,1.7734148021323257
ITA,1970,Italy,0.8113199949264527,1.0,9.159270286560059,3.257293701171875,0.5942613652996462
ITA,1980,Italy,0.9660000085830689,1.0,9.484999656677246,2.3280811309814453,0.7580350460573865
ITA,1990,Italy,1.444599986076355,1.0,9.71780776977539,1.546163558959961,1.2647720062612584
ITA,2000,Italy,1.7075999975204468,1.0,9.872424125671387,-0.211639404296875,1.543233837853451
JAM,1970,Jamaica,-0.23658000230789183,1.0,8.118334770202637,-2.1009063720703125,-0.5152448699020188
JAM,1980,Jamaica,0.26610000133514405,1.0,7.9082441329956055,1.4988136291503906,0.016987785718857434
JAM,1990,Jamaica,0.1861799955368042,1.0,8.058125495910645,0.9639072418212891,-0.06763073225483944
JAM,2000,Jamaica,0.38588000535964967,1.0,8.154516220092773,0.5216217041015625,0.1438096787128599
JOR,1980,Jordan,-0.6223000049591064,0.0,7.566145420074463,-1.7727327346801758,-0.9236414240703645
JOR,1990,Jordan,-0.36728000044822695,0.0,7.388872146606445,0.8659744262695312,-0.6536287455201789
JOR,2000,Jordan,0.21875999867916107,0.0,7.475469589233398,3.6208486557006836,-0.033135344598825375
JPN,1970,Japan,1.5828000068664552,1.0,9.76852798461914,3.232583999633789,1.41109683227166
JPN,1980,Japan,1.7990000009536744,1.0,10.09178638458252,3.303537368774414,1.6400072646825965
JPN,1990,Japan,2.1107999801635744,1.0,10.422140121459961,0.908203125,1.9701380233257508
JPN,2000,Japan,1.9836000204086304,1.0,10.512960433959961,0.6626033782958984,1.8354599540080827
KAZ,2000,Kazakhstan,0.1426459973677993,0.0,7.113956928253174,7.027497291564941,-0.11372410236577293
KEN,1970,Kenya,-0.5387399971485138,0.0,5.673914909362793,4.015994071960449,-0.835168907681361
KEN,1980,Kenya,-0.40282000303268434,0.0,6.075514316558838,0.3300666809082031,-0.6912581515423266
KEN,1990,Kenya,-0.21797999739646912,0.0,6.108520984649658,-1.019883155822754,-0.49555136720283893
KEN,2000,Kenya,-0.05218999907374382,0.0,6.006532669067383,1.4342164993286133,-0.3200145436904698
KGZ,2000,Kyrgyz Republic,-0.4532800018787384,0.0,5.633452892303467,2.873973846435547,-0.7446847032130255
KHM,2000,Cambodia,-1.181599998474121,0.0,5.682110786437988,6.421542167663574,-1.5158227694190898
KOR,1970,Korea,0.8563600063323975,0.0,7.597721576690674,5.214476585388184,0.6419492874490291
KOR,1980,Korea,1.3075999736785888,0.0,8.119169235229492,7.194499969482422,1.1197177373623204
KOR,1990,Korea,1.4294000148773194,1.0,8.838619232177734,4.980602264404297,1.248678425896028
KOR,2000,Korea,1.976799988746643,1.0,9.336679458618164,3.6667919158935547,1.8282601472054718
LAO,1990,Lao People's Dem.Rep,-0.49462000131607053,0.0,5.426325798034668,3.616056442260742,-0.7884550889941183
LAO,2000,Lao People's Dem.Rep,-0.2506399989128113,0.0,5.787931442260742,5.308198928833008,-0.5301314563522942
LBN,1990,Lebanon,-1.1572800040245057,0.0,8.028367042541504,4.080924987792969,-1.4900729979207281
LBN,2000,Lebanon,-0.40237999260425567,0.0,8.4364595413208,3.8033676147460938,-0.6907922728180365
LBR,1970,Liberia,-0.8844599962234497,0.0,6.691685676574707,-1.0763740539550781,-1.2012138505384176
LBR,1980,Liberia,-0.2903999984264374,0.0,6.584048271179199,-12.680449485778809,-0.5722289537169382
LBR,1990,Liberia,-0.6325999975204468,0.0,5.316003322601318,-0.32828330993652344,-0.9345469551320106
LBR,2000,Liberia,-1.0575400114059448,0.0,5.283174991607666,-2.395353317260742,-1.384469272373133
LKA,1970,Sri Lanka,0.2602600038051605,1.0,5.821084499359131,2.4723196029663086,0.010804453635471587
LKA,1980,Sri Lanka,-0.13815800063312053,1.0,6.068316459655762,2.7118968963623047,-0.4110366202337379
LKA,1990,Sri Lanka,-0.680239999294281,1.0,6.339506149291992,4.303712844848633,-0.9849877215721187
LKA,2000,Sri Lanka,-0.1758200004696846,1.0,6.7698774337768555,3.9696168899536133,-0.45091277612563174
LSO,1980,Lesotho,-1.1129400134086609,0.0,5.661317348480225,0.6778097152709961,-1.4431262509153826
LSO,1990,Lesotho,-0.6537400007247924,0.0,5.729098320007324,2.104825973510742,-0.9569297831015762
LSO,2000,Lesotho,-0.06189399994909763,1.0,5.939580917358398,2.6645898818969727,-0.3302890446027927
LTU,2000,Lithuania,1.2046000242233277,1.0,8.091733932495117,4.897928237915039,1.0106624015023356
LVA,2000,Latvia,0.8183799862861634,1.0,8.101961135864258,4.174737930297852,0.6017364148795129
MAR,1970,Morocco,-0.4160000026226044,0.0,6.6672844886779785,2.5901412963867188,-0.7052130057875466
MAR,1980,Morocco,-0.045355598675087094,0.0,6.92629861831665,1.4050579071044922,-0.3127783476066953
MAR,1990,Morocco,-0.07278999984264374,0.0,7.0668044090271,0.8139276504516602,-0.3418256223798251
MAR,2000,Morocco,0.6164000034332275,0.0,7.148197174072266,3.716855049133301,0.387881990838378
MDA,2000,Moldova,-0.06209000162780285,1.0,5.869301795959473,5.207281112670898,-0.3304965692570606
MDG,1970,Madagascar,-0.9698599934577942,0.0,6.060617446899414,-1.7469501495361328,-1.291634529675532
MDG,1980,Madagascar,-0.8984400153160095,0.0,5.885922431945801,-2.1781349182128906,-1.2160157575833361
MDG,1990,Madagascar,-0.668720006942749,0.0,5.668108940124512,-1.3718843460083008,-0.9727904667031104
MDG,2000,Madagascar,-0.9076599955558777,1.0,5.530920505523682,-0.39186954498291016,-1.22577778219596
MEX,1970,Mexico,-0.08953999876976013,0.0,8.157288551330566,3.6478137969970703,-0.35956035689486
MEX,1980,Mexico,0.24464000165462493,0.0,8.522069931030273,-0.24539947509765625,-0.005733851379913369
MEX,1990,Mexico,0.4476599931716919,0.0,8.497529983520508,1.709432601928711,0.20922172363036246
MEX,2000,Mexico,0.7466199994087219,1.0,8.668473243713379,0.4843616485595703,0.5257576448741288
MKD,2000,"Macedonia, FYR",0.5988199949264527,1.0,7.487356662750244,2.1844005584716797,0.36926845032435596
MLI,1970,Mali,-0.5500200033187866,0.0,5.1482319831848145,2.083005905151367,-0.8471120675363678
MLI,1980,Mali,-0.42814000248908995,0.0,5.356532573699951,-1.2031316757202148,-0.7180667185299477
MLI,1990,Mali,-0.8462000012397766,0.0,5.23621940612793,1.3193511962890625,-1.1607045432522216
MLI,2000,Mali,-0.544160008430481,1.0,5.368154525756836,2.298707962036133,-0.8409075624462021
MNG,1990,Mongolia,0.304940003156662,0.0,6.253516674041748,-0.9765434265136719,0.05811119855400521
MNG,2000,Mongolia,0.5385800004005432,1.0,6.155862331390381,4.943304061889648,0.3054869351879799
MOZ,1980,Mozambique,-0.7147199869155884,0.0,5.311832427978516,-0.9434700012207031,-1.0214947941520238
MOZ,1990,Mozambique,-0.47853999137878417,0.0,5.217485427856445,2.3543643951416016,-0.7714297322476633
MOZ,2000,Mozambique,-0.610260009765625,1.0,5.4529218673706055,5.126180648803711,-0.9108935952945063
MRT,1970,Mauritania,-0.28663999736309054,0.0,6.426631450653076,-1.279587745666504,-0.5682479014837495
MRT,1980,Mauritania,-0.15948400199413298,0.0,6.298672676086426,-1.0977840423583984,-0.4336163812265905
MRT,1990,Mauritania,-0.15016000121831893,0.0,6.188894271850586,0.04513740539550781,-0.4237442206911446
MRT,2000,Mauritania,-0.0789680004119873,0.0,6.193408012390137,2.18625545501709,-0.34836682876483976
MUS,1980,Mauritius,0.07184000015258789,1.0,7.360628128051758,4.928770065307617,-0.18869279747722092
MUS,1990,Mauritius,-0.008279999345541,1.0,7.8535051345825195,4.05186653137207,-0.2735230668179401
MUS,2000,Mauritius,0.14065999835729598,1.0,8.258691787719727,2.942819595336914,-0.1158268586317079
MWI,1970,Malawi,-0.7644800066947937,0.0,4.797791004180908,2.787771224975586,-1.0741802148548545
MWI,1980,Malawi,-0.27927999198436737,0.0,5.076568126678467,-1.8994379043579102,-0.5604552000042542
MWI,1990,Malawi,-0.5347400009632111,0.0,4.886624336242676,1.5855121612548828,-0.8309337509678489
MWI,2000,Malawi,-0.13825000077486038,1.0,5.045175552368164,1.705307960510254,-0.41113402908111757
MYS,1970,Malaysia,0.01702699998859316,0.0,7.038158416748047,5.164999961853027,-0.2467282642322244
MYS,1980,Malaysia,0.49452000856399536,0.0,7.55465841293335,3.057260513305664,0.25883664814283924
MYS,1990,Malaysia,0.5618200063705444,0.0,7.860384464263916,4.350533485412598,0.3300932254808445
MYS,2000,Malaysia,0.6897599935531616,0.0,8.295437812805176,2.5803089141845703,0.46555482857787195
NAM,2000,Namibia,1.0098399996757508,1.0,7.6312479972839355,2.575540542602539,0.804452398473543
NER,1970,Niger,-0.5524999976158143,0.0,5.727831840515137,-1.6913270950317383,-0.8497378611646518
NER,1980,Niger,-0.2704600036144257,0.0,5.558699131011963,-2.9343223571777344,-0.5511166828588362
NER,1990,Niger,-0.024498659232631326,0.0,5.2652668952941895,-1.6145133972167969,-0.29069522477083076
NER,2000,Niger,-0.7629600048065186,1.0,5.10381555557251,0.8960437774658203,-1.0725708517696264
NGA,1970,Nigeria,-1.1736000299453735,0.0,5.843785285949707,1.8771696090698242,-1.507352481235591
NGA,1980,Nigeria,-0.19396399781107904,1.0,6.0315022468566895,-1.4942359924316406,-0.47012346248395764
NGA,1990,Nigeria,-0.625,0.0,5.882078647613525,0.36191463470458984,-0.9265001523276326
NGA,2000,Nigeria,-0.6284799933433532,1.0,5.918270111083984,3.8178062438964844,-0.9301847351342946
NIC,1970,Nicaragua,-1.2069999933242799,0.0,7.171743869781494,-2.6668548583984375,-1.5427160347447113
NIC,1980,Nicaragua,-1.075980019569397,0.0,6.90505838394165,-3.764352798461914,-1.4039933720854307
NIC,1990,Nicaragua,-0.25833999663591384,1.0,6.528623104095459,1.2530946731567383,-0.538284138390054
NIC,2000,Nicaragua,-0.19785999953746797,1.0,6.653932571411133,2.0079755783081055,-0.47424851088475295
NLD,1970,Netherlands,1.6920000076293946,1.0,9.45400619506836,2.2534656524658203,1.5267167216220492
NLD,1980,Netherlands,1.8155999898910522,1.0,9.679352760314941,1.6533946990966797,1.6575831700923762
NLD,1990,Netherlands,2.102400016784668,1.0,9.84469223022461,2.485780715942383,1.9612442245196058
NLD,2000,Netherlands,2.324000024795532,1.0,10.093270301818848,0.9358406066894531,2.1958721386886033
NOR,1970,Norway,1.911800003051758,1.0,9.608712196350098,4.049806594848633,1.7594388001238515
NOR,1980,Norway,2.0970000267028808,1.0,10.013692855834961,2.1103954315185547,1.9555267680050694
NOR,1990,Norway,2.3492000102996826,1.0,10.224732398986816,3.0663490295410156,2.2225536360811393
NOR,2000,Norway,2.3509999752044677,1.0,10.531367301940918,0.6457614898681641,2.224459421261284
NPL,1970,Nepal,-0.6550999879837036,0.0,4.97845458984375,-0.2742958068847656,-0.9583697242672783
NPL,1980,Nepal,-0.7341000080108643,0.0,4.951025009155273,2.2470903396606445,-1.0420141703332415
NPL,1990,Nepal,-0.5899599909782409,0.0,5.175734043121338,2.4111509323120117,-0.8894001345837924
NPL,2000,Nepal,-0.5213199973106384,1.0,5.416849136352539,1.7510604858398438,-0.8167247827759837
NZL,1980,New Zealand,1.987399983406067,1.0,9.252096176147461,0.7411575317382812,1.8394833175449838
NZL,1990,New Zealand,2.308799934387207,1.0,9.326211929321289,1.7496299743652344,2.1797784321057474
OMN,1970,Oman,-1.051200008392334,0.0,8.362189292907715,0.5752944946289062,-1.3777565393896771
OMN,1980,Oman,0.8005200028419495,0.0,8.419718742370605,4.010038375854492,0.5828264396488112
OMN,1990,Oman,0.7188599944114685,0.0,8.820722579956055,2.5893211364746094,0.4963656239609021
PAK,1970,Pakistan,-0.022687000152654947,0.0,5.673776149749756,1.5347957611083984,-0.288777057912735
PAK,1980,Pakistan,-0.16646000146865844,0.0,5.827255725860596,2.803783416748047,-0.4410025010225415
PAK,1990,Pakistan,-0.22879200540482997,1.0,6.1076340675354,1.3010931015014648,-0.5069990151959556
PAK,2000,Pakistan,-0.09465800188481807,0.0,6.237743377685547,2.67364501953125,-0.3649792483758459
PAN,1970,Panama,-0.6295800030231475,0.0,7.913802623748779,1.4778566360473633,-0.9313494145900967
PAN,1980,Panama,-0.47645999789237975,0.0,8.061588287353516,-0.7696294784545898,-0.7692274555529068
PAN,1990,Panama,-0.4543199956417084,0.0,7.984625339508057,2.920212745666504,-0.745785838404963
PAN,2000,Panama,0.24404000043869017,1.0,8.276646614074707,4.0616607666015625,-0.0063691267802045695
PER,1970,Peru,0.3354799970984459,0.0,7.6379852294921875,0.8575248718261719,0.09044664448478013
PER,1980,Peru,-0.06439553896489088,1.0,7.723737716674805,-3.066086769104004,-0.33293764956791144
PER,1990,Peru,-0.29284000098705293,1.0,7.417129039764404,2.1361207962036133,-0.5748124044871031
PER,2000,Peru,0.27556000351905824,1.0,7.630741119384766,4.340305328369141,0.02700394321077021
PHL,1970,Philippines,-0.17141999751329423,0.0,6.710076808929443,2.915315628051758,-0.446254096167711
PHL,1980,Philippines,-0.1954800009727478,0.0,7.001608371734619,-1.0248994827270508,-0.47172859175668996
PHL,1990,Philippines,-0.2837999939918518,1.0,6.899118423461914,0.555877685546875,-0.565240933780057
PHL,2000,Philippines,0.648580002784729,1.0,6.954706192016602,2.7759504318237305,0.421953858405424
PNG,1980,Papua New Guinea,0.22944000065326692,1.0,6.472000598907471,-1.3186931610107422,-0.02182746329955041
PNG,1990,Papua New Guinea,0.35212199836969377,1.0,6.3401312828063965,1.439981460571289,0.10806703214144152
PNG,2000,Papua New Guinea,-0.2446200042963028,1.0,6.484129428863525,1.282334327697754,-0.5237575451198057
POL,1990,Poland,0.976960027217865,1.0,8.039385795593262,3.6219024658203125,0.7696394062495101
POL,2000,Poland,1.4723999977111817,1.0,8.401576042175293,3.8956737518310547,1.2942063858098072
PRT,1970,Portugal,0.6986400008201599,0.0,8.43603801727295,3.4526634216308594,0.4749568931425952
PRT,1980,Portugal,1.0426200032234192,1.0,8.781304359436035,2.9800796508789062,0.8391595445963208
PRT,1990,Portugal,1.3364000082015992,1.0,9.079312324523926,2.6825618743896484,1.1502109313327726
PRT,2000,Portugal,1.744200015068054,1.0,9.34756851196289,0.2360057830810547,1.5819855773178413
PRY,1970,Paraguay,-0.48925999999046327,0.0,6.654448986053467,5.979495048522949,-0.7827799721822604
PRY,1980,Paraguay,-0.5348400056362153,0.0,7.252398490905762,-0.1049947738647461,-0.8310396349343918
PRY,1990,Paraguay,-0.43913998603820803,0.0,7.241899013519287,-0.5399274826049805,-0.7297133931812245
PRY,2000,Paraguay,0.19736199975013732,1.0,7.187906265258789,2.030014991760254,-0.05579133591025687
ROU,1980,Romania,0.10387329899240286,0.0,7.517978668212891,0.2949857711791992,-0.1547762549725407
ROU,1990,Romania,0.23659999966621398,1.0,7.5474772453308105,-1.3836002349853516,-0.014246526597700244
ROU,2000,Romania,0.9748599886894226,1.0,7.409117221832275,4.681997299194336,0.7674159060609235
RUS,2000,Russia,0.06304199919104576,1.0,7.481635093688965,4.987797737121582,-0.1980080345703634
RWA,1970,Rwanda,-0.305159991979599,0.0,5.375560283660889,2.0125389099121094,-0.5878566900677256
RWA,1980,Rwanda,-0.5899799883365631,0.0,5.5768141746521,-1.1573028564453125,-0.8894213075905723
RWA,1990,Rwanda,-0.23497999608516693,0.0,5.461083889007568,-0.9402561187744141,-0.5135507990124684
RWA,2000,Rwanda,0.07096199989318848,0.0,5.367058277130127,4.567761421203613,-0.18962241553703899
SAU,1970,Saudi Arabia,-0.3832799971103668,0.0,8.940635681152344,7.197427749633789,-0.6705693849959896
SAU,1980,Saudi Arabia,0.16853400468826293,0.0,9.660378456115723,-5.631647109985352,-0.08631413422491284
SAU,1990,Saudi Arabia,0.39973999857902526,0.0,9.097213745117188,0.5133724212646484,0.15848450354093083
SAU,2000,Saudi Arabia,-0.034184398921206595,0.0,9.148550987243652,0.026044845581054688,-0.30095039091776915
SDN,1970,Sudan,-0.6507599949836731,0.0,5.576940536499023,0.40836334228515625,-0.9537745822623407
SDN,1980,Sudan,-0.8512400031089783,0.0,5.617776870727539,-0.32212257385253906,-1.166040847779434
SDN,1990,Sudan,-0.5934599995613098,0.0,5.585564613342285,3.0528640747070312,-0.8931059093298781
SDN,2000,Sudan,-1.0505599856376648,0.0,5.890851020812988,3.705453872680664,-1.3770788895768604
SEN,1970,Senegal,-0.37348000407218934,0.0,6.315751552581787,-1.1018991470336914,-0.6601932485235326
SEN,1980,Senegal,-0.29372000098228457,0.0,6.205561637878418,-0.3542900085449219,-0.5757441398475992
SEN,1990,Senegal,-0.24198000133037567,0.0,6.170132637023926,0.31536102294921875,-0.5209623358828769
SEN,2000,Senegal,-0.14837800115346908,1.0,6.201668739318848,1.2931442260742188,-0.4218574565072541
SGP,1970,Singapore,0.45060000121593474,0.0,8.441323280334473,7.106742858886719,0.2123345753005977
SGP,1980,Singapore,1.3855999946594237,0.0,9.151997566223145,5.124406814575195,1.2023033942499055
SGP,1990,Singapore,1.6738000392913819,0.0,9.664438247680664,4.136142730712891,1.5074467737216846
SGP,2000,Singapore,1.7667999982833862,0.0,10.078052520751953,3.120450973510742,1.6059142177978893
SLB,1990,Solomon Islands,-0.9877400040626526,1.0,7.004199028015137,-0.3392457962036133,-1.3105657094674203
SLB,2000,Solomon Islands,-0.9397199749946594,0.0,6.970274448394775,0.7210111618041992,-1.2597225738570392
SLE,1970,Sierra Leone,-0.6291000008583069,0.0,5.653497695922852,0.2920722961425781,-0.9308411930076875
SLE,1980,Sierra Leone,-0.885099995136261,0.0,5.682704925537109,-1.4225101470947266,-1.201891475107709
SLE,1990,Sierra Leone,-0.8778199791908264,0.0,5.540453910827637,-5.0689697265625,-1.194183465655333
SLE,2000,Sierra Leone,-1.5507999897003173,0.0,5.033556938171387,5.586671829223633,-1.906728097583012
SLV,1970,El Salvador,-0.00831559980288148,0.0,7.529134750366211,0.04172801971435547,-0.27356076023286474
SLV,1980,El Salvador,-0.41279999613761903,0.0,7.5333075523376465,-1.7444705963134766,-0.7018248703193269
SLV,1990,El Salvador,-0.5432400107383728,1.0,7.358860492706299,3.4235000610351562,-0.8399334779167059
SLV,2000,El Salvador,0.19196000397205354,1.0,7.7012104988098145,1.4554834365844727,-0.061510916036352316
SUR,1980,Suriname,-0.5238400042057038,0.0,7.838435649871826,-2.1303653717041016,-0.8193929413504711
SUR,1990,Suriname,-0.6592399954795838,0.0,7.625399112701416,-0.6999301910400391,-0.9627531235826553
SVK,2000,Slovak Republic,1.5169999837875365,1.0,8.581181526184082,4.602108001708984,1.3414284134576964
SVN,2000,Slovenia,1.249399971961975,1.0,9.214865684509277,2.3680782318115234,1.05809614659626
SWE,1970,Sweden,2.082599973678589,1.0,9.715409278869629,1.612234115600586,1.9402801331545558
SWE,1980,Sweden,2.2836000442504885,1.0,9.876632690429688,1.8779277801513672,2.1530970356873125
SWE,1990,Sweden,2.5317999839782717,1.0,10.064425468444824,1.7085838317871094,2.4158886965628197
SWE,2000,Sweden,2.517199993133545,1.0,10.235283851623535,1.4730548858642578,2.4004303695097957
SWZ,1980,Swaziland,-0.21259999573230742,0.0,6.658334732055664,5.2732038497924805,-0.48985507422876057
SWZ,1990,Swaziland,-0.31110000759363177,0.0,7.185655117034912,1.3300657272338867,-0.5941459203171372
SWZ,2000,Swaziland,-0.2073600023984909,0.0,7.318661689758301,1.8254804611206055,-0.4843070207011066
SYR,1970,Syrian Arab Republic,-0.14769799867644906,0.0,6.359014511108398,6.112966537475586,-0.42113747655668865
SYR,1980,Syrian Arab Republic,-0.33731999695301057,0.0,6.970311164855957,-1.0845041275024414,-0.6219073877834324
SYR,1990,Syrian Arab Republic,0.017278000712394714,0.0,6.861860752105713,2.3546838760375977,-0.24646250712865256
SYR,2000,Syrian Arab Republic,0.3303000032901764,0.0,7.097329139709473,2.3293209075927734,0.08496211786606714
TCD,1970,Chad,-1.1319999933242797,0.0,5.424344062805176,-4.407548904418945,-1.4633067706357852
TCD,1980,Chad,-1.1045599818229674,0.0,4.983589172363281,2.3104286193847656,-1.434253555696323
TCD,1990,Chad,-0.9598599791526794,0.0,5.214632034301758,-0.8799314498901367,-1.281046612648227
TCD,2000,Chad,-0.8569599986076355,0.0,5.126638889312744,4.93342399597168,-1.1720971228894972
TGO,1970,Togo,-0.3598000019788742,0.0,5.713829517364502,1.7649650573730469,-0.645708996533683
TGO,1980,Togo,0.008317999914288521,0.0,5.890326023101807,-2.1326589584350586,-0.2559492680592259
TGO,1990,Togo,-0.25851999819278715,0.0,5.677060127258301,-0.5205726623535156,-0.5384747222723174
TGO,2000,Togo,-0.48523999452590943,0.0,5.625002861022949,0.28273582458496094,-0.778523629840206
THA,1970,Thailand,-0.35848000049591067,0.0,6.254281997680664,4.114313125610352,-0.6443113919152186
THA,1980,Thailand,-0.09941400066018105,1.0,6.665713310241699,5.717201232910156,-0.37001485321390615
THA,1990,Thailand,0.3729199945926666,1.0,7.237433433532715,3.3467721939086914,0.13008774647486146
THA,2000,Thailand,0.728219997882843,1.0,7.572110652923584,3.3352184295654297,0.5062759037971533
TJK,2000,Tajikistan,-1.0301800131797791,0.0,4.937418460845947,6.944398880004883,-1.3555007747043153
TKM,2000,Turkmenistan,-0.4148200035095215,0.0,6.469679355621338,11.61813735961914,-0.7039636343046254
TTO,1970,Trinidad and Tobago,0.14487999826669692,1.0,8.44025993347168,4.059000015258789,-0.11135876413377106
TTO,1980,Trinidad and Tobago,0.7840200066566467,1.0,8.846159934997559,-3.4675121307373047,0.5653564055838116
TTO,1990,Trinidad and Tobago,0.7647600054740906,1.0,8.499408721923828,2.506580352783203,0.5449641053085605
TTO,2000,Trinidad and Tobago,0.7771600008010864,1.0,8.750066757202148,5.072355270385742,0.5580930986935053
TUN,1970,Tunisia,-0.3849600076675415,0.0,6.818366527557373,4.9160051345825195,-0.6723481636898624
TUN,1980,Tunisia,0.24386000633239746,0.0,7.309967041015625,1.0538434982299805,-0.006559702773866545
TUN,1990,Tunisia,0.08621399775147438,0.0,7.415351390838623,3.0125856399536133,-0.17347374985547367
TUN,2000,Tunisia,0.41791999340057373,0.0,7.716609954833984,3.432750701904297,0.1777333036780408
TUR,1970,Turkey,0.7116400003433228,1.0,7.659619331359863,1.8044281005859375,0.4887211650832719
TUR,1980,Turkey,0.9696399927139282,0.0,7.840062141418457,3.0548763275146484,0.7618890255400492
TUR,1990,Turkey,0.8208800077438354,1.0,8.145549774169922,1.9478130340576172,0.6043834130689831
TUR,2000,Turkey,1.0070800185203552,1.0,8.340331077575684,2.4425888061523438,0.8015301575068168
TZA,1990,Tanzania,-0.1860199972987175,0.0,5.720883369445801,0.06564140319824219,-0.4617124326870568
TZA,2000,Tanzania,0.061323999613523486,0.0,5.727447509765625,3.958907127380371,-0.19982703566623658
UGA,1990,Uganda,-1.056279993057251,0.0,5.226025581359863,3.1829452514648438,-1.3831351773086862
UGA,2000,Uganda,0.05346399880945683,0.0,5.544320106506348,3.8904190063476562,-0.20814912739618993
UKR,2000,Ukraine,0.2844999969005585,1.0,6.45474100112915,4.891829490661621,0.0364695204849516
URY,1970,Uruguay,0.3638999998569489,1.0,8.373771667480469,2.6010990142822266,0.12053746455179837
URY,1980,Uruguay,0.09714999832212926,0.0,8.633881568908691,-0.6714725494384766,-0.16189481975400036
URY,1990,Uruguay,0.7769999980926514,1.0,8.566734313964844,2.7462196350097656,0.5579236893957419
URY,2000,Uruguay,1.1518200039863586,1.0,8.84135627746582,2.7536869049072266,0.9547794339467098
USA,1970,United States,1.313599991798401,1.0,9.809905052185059,2.1628952026367188,1.1260704976761138
USA,1980,United States,1.466599988937378,1.0,10.02619457244873,2.235078811645508,1.2880653934290998
USA,1990,United States,1.8576000213623047,1.0,10.249702453613281,2.1573925018310547,1.7020523913148282
USA,2000,United States,1.97739999294281,1.0,10.465441703796387,0.6641960144042969,1.8288954257612038
UZB,2000,Uzbekistan,-0.16718599647283555,0.0,6.324750900268555,5.346827507019043,-0.44177117740958766
VEN,1970,"Venezuela, Rep. Bol.",0.5851599931716919,1.0,8.748735427856445,-0.7602977752685547,0.3548053744967267
VEN,1980,"Venezuela, Rep. Bol.",0.8267400026321411,1.0,8.67270565032959,-1.914529800415039,0.6105879181591487
VEN,1990,"Venezuela, Rep. Bol.",0.34115999937057495,1.0,8.481252670288086,-0.009918212890625,0.09646057515900408
VEN,2000,"Venezuela, Rep. Bol.",0.30690000057220457,1.0,8.480260848999023,1.3738632202148438,0.06018642458632033
VNM,1990,Vietnam,-0.08726060092449188,0.0,5.427096366882324,5.6823015213012695,-0.3571469528214703
VNM,2000,Vietnam,0.261559996008873,0.0,5.995326519012451,5.878167152404785,0.012180872625393555
YEM,2000,"Yemen, Republic of",-0.7114199995994568,0.0,6.2984232902526855,1.1562156677246094,-1.0180007999607865
ZAF,1970,South Africa,-0.25400000214576723,0.0,8.04045295715332,1.0950946807861328,-0.5336889948073961
ZAF,1980,South Africa,0.420059996843338,0.0,8.149962425231934,-0.9422111511230469,0.17999911832578053
ZAF,1990,South Africa,0.6768800020217896,0.0,8.055741310119629,-0.42746543884277344,0.45191761992139917
ZAF,2000,South Africa,1.3435999870300293,1.0,8.012994766235352,2.1535587310791016,1.157834198270979
ZMB,1970,Zambia,0.3283800005912781,0.0,6.356288909912109,-1.9788694381713867,0.08292923784731158
ZMB,1980,Zambia,0.6503600001335144,0.0,6.158401966094971,-2.046966552734375,0.42383850213319574
ZMB,1990,Zambia,0.19096000194549562,0.0,5.953705310821533,-1.9362211227416992,-0.06256970837017098
ZMB,2000,Zambia,0.5568200051784515,1.0,5.760083198547363,3.088655471801758,0.32479927327807323
ZWE,1980,Zimbabwe,-0.588919997215271,1.0,6.217115879058838,0.68878173828125,-0.8882989993918549
ZWE,1990,Zimbabwe,0.5417400002479553,0.0,6.285994052886963,-0.041179656982421875,0.3088327120208775
ZWE,2000,Zimbabwe,0.9165199995040894,0.0,6.281876087188721,-5.1114606857299805,0.7056460979365232
