iso,country,region,transition_year,baseline_year,five_nondem_years,first_eligible_transition,capacity_pre5,capacity_posterior_sd_pre5,administration_pre5,capacity_world_percentile,capacity_above_world_median,log_gdp0_ddcg,log_gdp0_mpd,pre_growth10_ddcg,pre_growth10_mpd,growth10_ddcg,growth20_ddcg,growth10_mpd,growth20_mpd,mortality_change10,negative_growth_years10_mpd,main_eligible,main_exclusion_reason,cap_z,admin_z,t_center,log_gdp0_wdi,pre_growth10_wdi,growth10_wdi,growth20_wdi
ALB,Albania,ECA,1992,1991,True,True,0.3779599994421005,0.3856526970863342,-1.0468,63.30935251798561,1.0,6.533777236938477,7.9868790944290815,-4.688448905944824,-2.4582691543189483,6.2227678298950195,,5.859018851444731,5.852411763781076,-11.599998474121094,2.0,True,,0.7529665232342536,-0.3802039328657143,7,7.105756820744654,-4.3858691415814555,5.85406064808442,5.5216946076151
ARG,Argentina,LAC,1973,1972,True,True,-0.0785698004998266,0.3759815037250519,-1.389,56.58914728682171,1.0,8.834556579589844,9.406729185981574,2.5597095489501953,2.963196526304408,-0.4636764526367187,-0.0114822387695312,-0.5228847003163395,0.0397281849128638,-24.89999771118164,6.0,True,,0.0947404709339219,-0.6899110665548365,-12,9.171359197672666,2.513348005990057,-0.26551477738102847,-0.17161187991184157
BDI,Burundi,AFR,2003,2002,True,True,-0.5143600046634674,0.3902763664722443,-0.597,16.049382716049383,0.0,4.732268810272217,6.6029759106303105,-3.255453109741211,-4.255334687943568,,,-0.1404943309679129,-0.1379076560964476,,3.0,False,missing ten-year DDCG GDP endpoint,-0.5335831691751736,0.0268862738361182,18,5.58712933161196,-3.464897649006158,-0.4124747149497576,-0.06371880282582953
BEN,Benin,AFR,1991,1990,True,True,-0.687279999256134,0.392676568031311,-0.8436,15.384615384615383,0.0,5.689627170562744,7.501634457883413,-0.1515436172485351,0.685591089848332,1.5666818618774414,1.2136173248291016,0.5266716514772884,0.1191260779149239,-17.79999542236328,3.0,True,,-0.7828997426365427,-0.1962983526037926,6,6.619352502329364,0.21537669188913533,1.3898969733482591,1.0697249376042128
BFA,Burkina Faso,AFR,1977,1976,True,True,-0.7609000027179718,0.4039547801017761,-0.4404,20.149253731343283,0.0,5.027317523956299,6.946013991099227,1.6727447509765625,-0.4055246830719916,1.2674617767333984,1.1072635650634766,2.982135245041224,0.9474706891330698,-24.5,5.0,True,,-0.8890452872541917,0.1686166570497843,-8,5.744239567602185,1.8690860057377634,0.9928720378549372,1.031670942146956
BGD,Bangladesh,SAS,1991,1990,True,True,-0.6189999938011169,0.3570856034755706,-1.1148,19.58041958041958,0.0,5.635409355163574,6.913737350659685,0.9893274307250975,1.3951346430207057,2.607545852661133,3.445310592651367,3.896409081650365,4.746124256990081,-35.30000305175781,0.0,True,,-0.6844534233657786,-0.4417471388588772,6,6.160035371561115,1.5558853458825617,2.7058768654931598,3.4486752065709725
BGR,Bulgaria,ECA,1991,1990,True,True,1.6899999856948853,0.3524394750595093,0.0557999999999999,88.81118881118881,1.0,7.420900821685791,9.09627541568821,2.556281089782715,-0.7677837150195721,-0.5613327026367188,2.1138739585876465,-0.5900413953334649,2.4920295828385353,-0.5,4.0,True,,2.6446697608349723,0.6177010513704809,6,8.395138444372126,2.5562813167092813,-1.7416528092248207,1.8672149681482964
BOL,Bolivia,LAC,1982,1981,True,True,-0.7773800015449523,0.4108049571514129,-2.281,14.084507042253522,0.0,6.9572272300720215,8.308938252595778,0.9990644454956056,1.4471260032995126,-1.5906667709350586,-0.2105998992919922,-1.1746086178919946,0.129456902309899,-26.199996948242188,5.0,True,,-0.9128061996221848,-1.497213121641619,-3,7.608496432689344,1.0964113797261632,-1.5181363010118787,-0.00347460479219297
BRA,Brazil,LAC,1985,1984,True,True,0.3370799958705902,0.3544037938117981,-1.502,63.63636363636363,1.0,8.056733131408691,8.914357274485015,1.186385154724121,1.478071249386641,1.056528091430664,1.058969497680664,1.4698280874417868,1.9335321049910623,-21.099998474121097,3.0,True,,0.6940256099087236,-0.7921813941611217,0,8.672785665297273,1.5283283572712492,0.9550377806912991,1.0859081970787265
CAF,Central African Rep.,AFR,1993,1992,True,True,-0.9161400079727172,0.388873940706253,-0.631,8.75912408759124,0.0,5.504217624664307,6.872328471263293,-2.7467966079711914,-2.2439290723146765,0.1620149612426757,,-0.3846557696903119,-0.2615605329458148,-4.600006103515625,5.0,True,,-1.1128707983838313,-0.0038853291604631,8,6.118425268095969,-2.27052940907555,-0.029555227144744123,0.9912558684689232
CHL,Chile,LAC,1990,1989,True,True,0.6800999999046325,0.3305884003639221,-0.0057999999999999,75.52447552447552,1.0,8.010087013244629,9.210840247017831,2.498621940612793,1.6596431476918203,4.506778717041016,3.51107120513916,3.946736242247439,2.987417953794296,-7.40000057220459,1.0,True,,1.1885928936744108,0.5619501471178512,5,8.554992471821757,1.790682245249382,4.521848633431684,3.805925715738212
CIV,Côte d'Ivoire,AFR,2000,1999,True,True,0.0032607999630272,0.3514304161071777,0.2824,39.50617283950617,0.0,6.501244068145752,7.790471665672217,-0.4022502899169922,0.3128422716442181,-1.2911701202392578,,0.370969837057169,2.1322527609280018,-18.5,4.0,True,,0.2127240792479502,0.8227847348712264,15,7.479223634834587,-1.0271091595623894,-1.8354394358294268,0.8358891885865827
COG,"Congo, Republic of",AFR,1992,1991,True,True,-0.3171999990940094,0.3615056395530701,-1.4214,33.093525179856115,0.0,7.0618205070495605,8.259089166064498,0.5042362213134766,0.6347959877572329,-1.1472892761230469,,0.9714984068923728,2.096860864739307,9.400001525878906,4.0,True,,-0.2493172742565858,-0.7192345941162847,7,7.763245578429376,0.6190215055008963,-1.346476733519344,-0.09664139939740579
COM,Comoros,AFR,1990,1989,True,True,-1.1297600269317627,0.4144552528858184,-0.4699999999999999,3.4965034965034967,0.0,5.99850606918335,7.010311867307229,,0.7981710135560327,-1.0308027267456057,-0.8728718757629395,0.7077189212237123,1.3632167021981534,-17.900001525878906,3.0,True,,-1.420868790606071,0.1418272614998194,5,7.089274476453057,,-0.11716715917470033,0.21172995283484486
CPV,Cape Verde,AFR,1991,1990,True,True,0.2365400016307831,0.3992397964000702,2.0004,58.04195804195804,1.0,6.690188407897949,7.583247524303362,,3.7390726770045206,4.272260665893555,4.452159404754639,6.008719581672128,5.609357588987667,-16.5,0.0,True,,0.5490667408158747,2.377655733345545,6,6.7275762930536676,3.6152678299629137,8.918128347250374,6.708230453837993
DOM,Dominican Republic,LAC,1978,1977,True,True,-0.5721799969673157,0.3591955065727233,-1.074,24.81203007518797,0.0,7.43330192565918,8.184792654165078,5.52546501159668,4.835924733076311,1.433210372924805,1.808009147644043,0.7802428350585089,2.243703704096429,-18.599998474121097,4.0,True,,-0.6169482097114953,-0.4048212152629795,-7,7.847802631771372,5.445941543028487,1.3479326956522986,1.786407056993702
ECU,Ecuador,LAC,1979,1978,True,True,-0.2610799998044967,0.3610680818557739,-1.5408,39.55223880597015,0.0,7.182284355163574,8.750524669117937,4.159188270568848,3.9256170327225526,-0.0231790542602539,0.2514791488647461,0.0678717781847204,0.7304329592992342,-26.0,3.0,True,,-0.1684032888121915,-0.8272972234631027,-6,8.246935064098702,4.177016664554838,0.258935319542406,0.5410995130720053
ESP,Spain,INL,1978,1977,True,True,0.719979989528656,0.3629552066326141,0.4022,75.93984962406014,1.0,9.076255798339844,9.49816334491766,4.0325164794921875,4.854115551091471,1.3173103332519531,1.889796257019043,1.991044552620309,2.750068874778213,-9.200000762939451,1.0,True,,1.2460919838528357,0.931209383076828,-7,9.597891703763745,3.993664445916494,1.3421959418753815,1.8453012761744603
ETH,Ethiopia,AFR,1995,1994,True,True,-0.5176400005817413,0.3433063983917236,-0.2556,18.571428571428573,0.0,4.715407371520996,6.595440195678556,-2.070789337158203,-2.6731771737284493,2.10233211517334,,0.5285136309593153,3.551875361959538,-34.80000305175781,3.0,True,,-0.5383122772533785,0.3358693698076738,10,5.422302960474391,-2.39341487411318,1.6839858151064568,4.495585788513221
GHA,Ghana,AFR,1970,1969,True,True,-0.3363000035285949,0.4462065279483795,-0.8042,42.62295081967213,0.0,5.612730503082275,7.655390644826152,,0.0284495213223134,-1.0585832595825195,-1.1029958724975586,-0.9063363192042306,-1.1293490101984505,-17.29999542236328,5.0,True,,-0.2768557186680904,-0.1606394950136365,-15,6.983237051850899,,-1.6570299798689447,-1.1918475038306164
GNB,Guinea-Bissau,AFR,1994,1993,True,True,-1.0781999826431274,0.3604423999786377,-0.3954,5.839416058394161,0.0,5.230264663696289,7.154882533456362,1.9944429397583008,1.2579496930670064,-2.02211856842041,,-0.7996714059574828,0.3675295905862086,-19.100006103515625,4.0,True,,-1.3465293621331529,0.2093437786629067,9,6.341875037910797,1.9666313841914551,0.19587196886233116,0.5516223342414461
GRC,Greece,INL,1975,1974,True,True,0.5929599881172181,0.3589819371700287,-0.6442,75.57251908396947,1.0,8.972521781921387,9.368710707947624,5.6961822509765625,5.73734276258854,1.488847732543945,1.0607099533081057,2.0994657650121695,1.7795330425041822,-12.5,3.0,True,,1.0629541599848895,-0.0158319515003123,-10,9.439334630614145,6.166821000469849,1.4888469662802883,1.0797505929058904
GTM,Guatemala,LAC,1966,1965,True,True,-0.6902799963951111,0.4176107764244079,-2.564,21.238938053097343,0.0,6.9864020347595215,8.268731832117737,,2.072449652464101,2.8339147567749023,1.3010334968566897,3.326186673052227,1.526098465585548,-31.29999542236328,1.0,True,,-0.7872251476242398,-1.753341464230811,-19,7.650867023819745,,2.8724513964765386,1.3062148843648913
HND,Honduras,LAC,1982,1981,True,True,-0.3232400000095367,0.376316088438034,-0.4718,33.098591549295776,0.0,7.0112714767456055,8.080546965824498,2.085442543029785,2.9565767016939937,-0.4876470565795898,0.1810073852539062,-0.7647402566430372,0.2035275695029437,-22.10000228881836,4.0,True,,-0.2580257659235562,0.1401981766352944,-3,5.8018530601029115,5.754727480466668,5.280916925911319,8.438320970653592
HRV,Croatia,ECA,2000,1999,True,True,1.0499799966812131,0.3841153442859649,0.0819999999999999,76.5432098765432,1.0,8.423810958862305,9.439853734907304,,-1.0402600560545316,3.4006595611572266,,4.383974727245938,3.1436809952329003,-2.700000286102295,1.0,True,,1.7218869965655652,0.6414132866207878,15,9.05269579320283,,3.4824051848356774,2.6947248069361684
HTI,Haiti,LAC,1990,1989,True,True,-1.2203999996185302,0.3386725783348083,-2.1521999999999997,0.6993006993006993,0.0,,7.389563953677635,,-1.9062546426690563,,,-0.6749494656888988,-0.0461894642102178,-24.900001525878903,4.0,False,missing ten-year DDCG GDP endpoint,-1.5515537785516773,-1.3806430491133923,5,7.404950678907839,-2.147088447396044,-1.9257255198912215,-0.7577676118806043
HUN,Hungary,ECA,1990,1989,True,True,1.279199981689453,0.3425239980220794,0.8162,82.51748251748252,1.0,8.405191421508789,9.305923241869912,1.7180919647216797,0.9918936548784174,-0.2789211273193359,1.0830926895141602,1.127900504316468,2.851240569044453,-7.199999809265137,3.0,True,,2.0523770672236195,1.3058989019175542,5,9.090165218440077,1.7180962375514142,-0.3318641360307417,1.1419566075103926
IDN,Indonesia,EAP,1999,1998,True,True,-0.114419800043106,0.3420151770114898,-1.626,33.95061728395062,0.0,6.621154308319092,8.557102022226578,3.756399154663086,3.9658377474907343,3.377060890197754,,3.8315593028397466,4.080384849701257,-14.80000114440918,1.0,True,,0.0430518326953158,-0.9044072403839478,14,7.484481274835612,2.9578479496938304,3.2530431145375616,3.65981968474149
KEN,Kenya,AFR,2002,2001,True,True,-0.1911540009081363,0.3541490793228149,-1.0761999999999998,29.629629629629623,0.0,6.017658710479736,7.586996775182215,-0.7188558578491211,1.038739747436086,,,3.184448738780707,2.5624207396382603,,2.0,False,missing ten-year DDCG GDP endpoint,-0.0675837711978681,-0.4068123189862875,17,7.091986251347937,-0.8232768104434474,1.3100304192827572,1.7287376403720245
KHM,Cambodia,EAP,1993,1992,True,True,-0.8700199961662293,0.4636050820350647,-0.8542,10.218978102189782,0.0,,7.263529829410937,,0.4976152129229572,,,2.1574559224892287,3.0926159898296435,-16.599998474121094,1.0,False,missing ten-year DDCG GDP endpoint,-1.046374825268186,-0.2058918523615503,8,6.759809677146138,2.689916970292119,-2.6425965822323505,2.033257122481631
KOR,Korea,EAP,1988,1987,True,True,1.357200026512146,0.3396092236042022,0.0096,83.91608391608392,1.0,8.615279197692871,9.293299511795402,5.896816253662109,7.051270441281119,6.430015563964844,5.054903030395508,6.6163876516687194,5.030802920104431,-2.9000000953674316,0.0,True,,2.164837768780059,0.5758878731810086,3,8.92733091308637,7.263307007217179,7.329552549226878,5.87334972691929
LSO,Lesotho,AFR,1993,1992,True,True,-0.4997400045394897,0.3916844427585602,-0.8629999999999999,21.897810218978105,0.0,5.78737735748291,7.557276443911831,1.4707565307617188,1.9463117349400605,1.8030643463134768,,0.2292721282484944,1.2450642267760117,14.199996948242188,4.0,True,,-0.5125040085870579,-0.2138562672547831,8,6.380136455603721,2.5609012289101507,2.53225980893113,3.0523970846115933
MDG,Madagascar,AFR,1993,1992,True,True,-0.865939998626709,0.342838841676712,-0.8124,10.948905109489052,0.0,5.555016040802002,7.04981550205259,-1.5960264205932615,-2.107070960372619,-1.6268634796142578,,-0.3696021331353805,0.7925843997744542,-29.000003814697266,3.0,True,,-1.0404922724224022,-0.1680608816186944,8,6.175474120992834,-1.7231861739708432,-1.6739530307711359,-0.4135696668562927
MEX,Mexico,LAC,1997,1996,True,True,0.6866400003433227,0.3415949761867523,-0.2113999999999999,68.75,1.0,8.516060829162598,9.248262080332044,0.5878543853759766,1.123220309321109,2.1816539764404297,,3.188823060457029,2.376020279722404,-10.899999618530272,1.0,True,,1.1980222861726642,0.3758724537032296,12,9.026496011129996,0.7575415187360335,1.6505168364906275,0.9692220263685147
MLI,Mali,AFR,1992,1991,True,True,-0.7642200112342834,0.3537876784801483,-0.0212,14.388489208633093,0.0,5.23075008392334,7.078980230640847,-0.6029033660888672,0.6596444100121701,2.2158384323120117,,0.9823396285394193,1.1712007822472703,-15.20000457763672,5.0,True,,-0.8938320856177887,0.5480124210546937,7,6.479067215686789,-0.24809995493493275,1.6336788062926555,1.1414140746440937
MNG,Mongolia,EAP,1993,1992,True,True,0.4742200076580047,0.3589242815971374,0.8228,69.34306569343066,1.0,6.038744926452637,7.518070951274408,-0.7064342498779297,0.1478132059932679,1.7296123504638672,,6.140320817683058,8.70196347941751,-27.900001525878903,0.0,True,,0.8917544954770555,1.311872213087479,8,7.288022006039152,-0.3026661914469919,1.389158915746096,4.095725909858321
MOZ,Mozambique,AFR,1994,1993,True,True,-0.8751999974250794,0.3519375324249267,-0.8356000000000001,10.218978102189782,0.0,5.203793525695801,7.27190501013886,1.5290403366088867,-1.6294286507313949,4.243168830871582,,-2.1944031330747205,-1.802139854152287,-49.79999542236328,7.0,True,,-1.0538433668178446,-0.1890579754281265,9,5.400984869141129,1.2980411907147982,4.754087165093779,4.629345514989316
MWI,Malawi,AFR,1994,1993,True,True,-0.4710399985313415,0.352703320980072,-0.691,21.897810218978105,0.0,4.95099401473999,6.763611420409278,-0.5517959594726562,-0.5312446018568995,0.3511476516723633,,0.4520209562156552,1.2546843066661717,-47.80000305175781,5.0,True,,-0.4711242527460542,-0.0581881579779596,9,5.894212720874933,-0.663939047357891,0.902897641201168,1.8493326967025545
NER,Niger,AFR,1991,1990,True,True,-0.109616661677137,0.354615318775177,1.1136,43.35664335664335,0.0,5.2652668952941895,6.77078942390898,-2.9343223571777344,-3.923829669376629,-1.6145133972167969,-0.3592348098754883,-2.2921621352097077,-0.367805278633484,-36.19999694824219,7.0,True,,0.0499770121812688,1.5750599234229457,6,6.144022293611428,-3.0461343230627413,-1.7047068718290692,-0.27398959641092624
NGA,Nigeria,AFR,1979,1978,True,True,-0.1280939988791942,0.3751539826393127,-1.9152,47.76119402985074,0.0,5.983143329620361,7.614805364711073,5.327105522155762,5.990929442238437,-1.9868755340576172,-0.4059338569641113,-1.960244819602792,-0.0052667724478228,-7.200004577636719,7.0,True,,0.0233363312770227,-1.1661468752842814,-6,7.641349727428779,5.360286980826974,-3.543423712651786,-1.9170908939874962
NIC,Nicaragua,LAC,1990,1989,True,True,-0.2583399966359138,0.350510162115097,-0.4009999999999999,36.36363636363637,0.0,6.5519561767578125,7.780303087908373,-3.3667421340942383,-3.526971306752395,0.7746315002441406,1.2175297737121582,1.3837177988479787,2.2752175888179904,-18.099998474121097,4.0,True,,-0.1644527439207602,0.2042755146399404,5,7.1634386615873,-3.418083817658308,0.9519761957156536,1.2427637592984242
NPL,Nepal,SAS,1991,1990,True,True,-0.5718599915504455,0.3786511242389679,-0.7528,20.97902097902098,0.0,5.175734043121338,7.181591944611865,2.2470903396606445,2.184019587416275,2.4111509323120117,2.0811057090759277,2.4301813314254073,2.4634428246401363,-38.0,0.0,True,,-0.6164868249294111,-0.1141200716599811,6,6.046721230998301,2.3492422866997487,2.581316621147147,2.671428453729656
PAK,Pakistan,SAS,1972,1971,True,True,0.0465324003016576,0.3957140803337097,0.5466,61.111111111111114,1.0,5.651024341583252,7.302496423727326,3.8323545455932617,3.3082781900153613,2.18414306640625,2.392125129699707,2.596652074983261,2.888844652531568,-16.800003051757812,1.0,True,,0.2751132040569713,1.0618981910976029,-13,6.425350905348685,3.6759677071551877,2.0183281002257747,2.2417683422974655
PAN,Panama,LAC,1994,1993,True,True,-0.1716780003160238,0.3537114977836609,-0.1506,40.14598540145985,0.0,8.144891738891602,9.042001203897753,0.5618858337402344,1.6211123622428758,1.449871063232422,,1.8359933856069155,4.045435899195846,-4.30000114440918,1.0,True,,-0.0395032143843241,0.4308993202382927,9,8.641369304768395,0.4463952138677385,2.175795210818716,4.246945605507237
PER,Peru,LAC,1980,1979,True,True,-0.0643955389648908,0.3818015813827514,-0.721,50.71428571428571,1.0,7.718865394592285,8.804475183846678,1.0976934432983398,1.287409643018904,-2.283492088317871,-0.5113554000854492,-2.557833253710698,-0.5706825944546612,-24.599998474121097,5.0,True,,0.115176964270392,-0.0853395723867079,-5,8.209298028734482,0.8446841847541364,-2.324745056437374,-0.6138572267360765
PHL,Philippines,EAP,1987,1986,True,True,-0.4065799951553345,0.3551124811172485,-2.0938000000000003,30.76923076923077,0.0,6.805517196655273,8.058643712215618,-0.983877182006836,-0.8167182794436734,1.1841821670532229,1.526079177856445,1.8168304992924789,2.2005188539460807,-15.799999237060549,2.0,True,,-0.3781856240763543,-1.32778829573103,2,7.346918782684051,-0.8180648468905449,1.2173032493179825,1.5386184415091453
PRT,Portugal,INL,1976,1975,True,True,0.7837999939918519,0.3764836013317108,1.1832,79.8507462686567,1.0,8.603949546813965,9.248406572782638,5.41417121887207,4.901513295498461,1.9550704956054688,2.77566909790039,2.4259125670836035,3.0874226174635133,-19.599998474121097,2.0,True,,1.338107860145999,1.6380512048512414,-9,9.112953640728236,5.09854852716364,1.955069085513479,2.777764471944666
PRY,Paraguay,LAC,1993,1992,True,True,-0.2421599894762039,0.3433569252490997,-1.2698,36.496350364963504,0.0,7.249203681945801,8.553826705677764,0.107889175415039,-0.0833985138120496,-0.8190679550170898,,0.7157987050141124,1.6624809981261546,-8.600000381469727,4.0,True,,-0.1411243604498856,-0.58202944663741,8,8.307470244714665,1.022838975292668,-0.34531830863937074,1.273732462297854
SDN,Sudan,AFR,1965,1964,True,True,-0.5899399995803833,0.4737800180912018,-0.2036,30.0,0.0,5.592508316040039,7.316548177182976,,0.6025093749229526,-0.4846715927124023,-0.0354194641113281,-1.2511884714659691,-0.3473379629860984,-8.600006103515625,5.0,True,,-0.6425546354263777,0.3829318214495041,-20,6.660141948677261,,-0.9345003245281358,-0.35632418899060436
SEN,Senegal,AFR,2000,1999,True,True,-0.148378001153469,0.374431437253952,0.666,31.48148148148148,0.0,6.19582986831665,7.589890258008286,-0.1111459732055664,-0.0096186568029477,1.2131023406982422,,0.7367540043354737,1.2890054003224272,-22.60000228881836,3.0,True,,-0.0059092048162295,1.1699608204444212,15,6.940961754944439,0.06296071319133567,1.001464265309897,1.4429673516359776
SLE,Sierra Leone,AFR,1996,1995,True,True,-1.5711999893188475,0.3563402831554413,-2.84,1.89873417721519,0.0,5.284609794616699,7.232088511080275,-3.242917060852051,-1.5190094689823397,1.7092180252075195,,-1.224529235881073,0.6113690967060093,-15.400009155273438,4.0,True,,-2.0573382692833,-2.003134476791295,11,6.6271725696065875,-3.6669078546779055,1.0968291231834204,1.222580185631461
SLV,El Salvador,LAC,1982,1981,True,True,-0.4429400026798248,0.3852579057216644,-1.8918,28.87323943661972,0.0,7.407324314117432,8.162516250140179,-1.3310527801513672,-0.1303134588084731,-0.2830457687377929,1.5325689315795898,-0.038350892496819,2.295353093580239,-30.599998474121097,5.0,True,,-0.4306095933714585,-1.1449687720454576,-3,7.856494446302228,-1.1554079242180837,-0.9776215916577247,0.7135666697396736
THA,Thailand,EAP,1974,1973,True,True,-0.1982340008020401,0.3704319477081298,-1.2982,48.837209302325576,0.0,6.355707168579102,8.00202481821611,4.735164642333984,4.414236554475535,4.1464948654174805,5.466122627258301,4.182168471236771,5.494898043824978,-20.799999237060547,0.0,True,,-0.0777917365509378,-0.6077327856110251,-11,6.983967883577591,4.863570952179446,4.2213044961924595,5.414332559016648
URY,Uruguay,LAC,1985,1984,True,True,0.202920001745224,0.354903781414032,-2.289,59.44055944055944,1.0,8.400771141052246,9.083075020930307,0.1655769348144531,0.7411670848682128,3.446626663208008,1.8874740600585935,3.378625360568872,1.5292787111839523,-8.0,1.0,True,,0.5005933228575637,-1.504453498817285,0,8.855304421894015,0.23670237866575405,3.5696887322157522,1.9553477268559138
ZAF,South Africa,AFR,1994,1993,True,True,0.6879600048065185,0.3763904988765716,-0.3304,75.18248175182481,1.0,7.973568916320801,8.693817128795077,-1.3112449645996094,-0.9401370046368208,0.8451747894287109,,3.482764701065957,3.514212619641448,7.799999237060547,0.0,True,,1.199925472617314,0.2681718432151946,9,8.341314417973827,-1.7894834223637623,1.7820052239652995,1.9314089049626482
ZMB,Zambia,AFR,1991,1990,True,True,0.2064800024032592,0.3557352185249328,0.525,55.24475524475524,1.0,5.953705310821533,7.158513997329321,-2.046966552734375,-1.2218319805542066,-1.9362211227416992,0.5762171745300293,1.0586787227805328,4.292430766243545,-14.79999542236328,3.0,True,,0.5057261426200922,1.0423491727233043,6,6.778317446010347,-1.9047272566287532,-0.8811557958898941,1.4892197718799105
ZWE,Zimbabwe,AFR,1978,1977,True,True,-0.8287199914455414,0.4249498009681701,-2.799,16.541353383458645,0.0,6.179601669311523,7.57353126274595,1.7674875259399414,1.8458516512751368,0.1003026962280273,0.7375407218933105,0.29369199458805,0.8930286186904102,-19.300003051757812,6.0,True,,-0.9868283530099862,-1.9660275437660055,-7,7.292310882996812,2.032675409474871,0.1518574928478511,0.9420164109887041
