source_id,sector,year,dimension,score,passage_excerpt,coder_id,confidence,review_status,notes,direction
SRC_TEX_1998_001,Textiles,1998,specificity,2,"从1998年起,用3年左右时间压缩淘汰落后棉纺锭1000万锭,分流安置下岗职工120万人,到2000年实现全行业扭亏为盈...1998年东部沿海地区基本完成压缩淘汰落后棉纺锭480万锭...1999年其他地区基本完成压缩淘汰落后棉纺锭520万锭",wenwen_zhang,high,accepted,Quantified to spindle counts and worker headcounts with region-by-year staging; extremely high precision,
SRC_TEX_1998_002,Textiles,1998,specificity,2,"每压缩淘汰落后棉纺锭1万锭给予财政补贴300万元,由中央、地方财政各承担150万元;同时安排银行贴息贷款200万元...贷款还本期限为5年至7年",wenwen_zhang,high,accepted,Per-unit subsidy price with central/local cost-sharing split and loan-term detail all quantified,
SRC_TEX_1998_003,Textiles,1998,allocation,2,"银行呆坏帐准备金核销规模...要继续向国有大中型棉纺织工业企业倾斜...核销规模不得低于1997年的水平",wenwen_zhang,high,accepted,Directed at large/medium state-owned incumbents; non-universal,protective
SRC_TEX_1998_004,Textiles,1998,allocation,2,"从美、欧纺织品出口被动配额总量中安排15%以上...直接分配给纺织自营出口生产企业,并列为该企业的配额分配基数",wenwen_zhang,high,accepted,Export quota allocated to a designated firm category with quantified floor,protective
SRC_TEX_1998_005,Textiles,1998,allocation,2,"'九五'期间各地区、各部门及所有企业都不得以任何理由新增棉纺锭...严格实行'生产许可证'和'准购证'制度",wenwen_zhang,high,accepted,Entry/capacity freeze structurally parallel to the 1994 auto policy's Article 58 -- state control over entry as an allocation instrument (here compressive rather than protective),compressive
SRC_TEX_1998_006,Textiles,1998,network_breadth,2,"由国家经贸委牵头负责,会同有关部门综合协调,纺织总会负责监督实施,地方人民政府负责具体实施和落实...制定...3年规划及分年度实施计划",wenwen_zhang,high,accepted,Concrete multi-agency multi-level implementation network (SETC / Textile Council / local governments) with defined roles,
SRC_TEX_1998_006,Textiles,1998,persistence,2,"抓紧制定全国压缩淘汰落后棉纺锭和分流安置下岗职工的3年规划及分年度实施计划...实行行政领导负责制",wenwen_zhang,high,accepted,Institutionalized multi-year planning with cadre accountability; not a one-off measure,
SRC_TEX_1998_007,Textiles,1998,allocation,1,"对经批准的从事进料加工的纺织企业,使用新疆棉顶替进口棉生产的出口产品继续实行零税率的政策",wenwen_zhang,medium,accepted,Targeted preferential treatment but narrow in scope and conditional; borderline 1-2 scored conservatively as 1,neutral
SRC_TEX_1996_001,Textiles,1996,specificity,1,"适应国内外市场需求变化,加快结构调整和优化,大力开发新产品...把部分劳动密集型的加工能力由东部沿海地区转到中西部地区。调整企业组织结构,加快企业的联合、改组、兼并",wenwen_zhang,high,accepted,"General directional language, no quantitative targets or named firm categories; notably vaguer than the auto section of the same document -- useful cross-sector treatment-intensity contrast",
